{"Mean":{"confidence_interval":{"confidence_level":0.95,"lower_bound":4863081716.0,"upper_bound":10491189117.0},"point_estimate":7677135416.5,"standard_error":1987695822.004381},"Median":{"confidence_interval":{"confidence_level":0.95,"lower_bound":4863081716.0,"upper_bound":10491189117.0},"point_estimate":7677135416.5,"standard_error":1987695822.004381},"MedianAbsDev":{"confidence_interval":{"confidence_level":0.95,"lower_bound":0.0,"upper_bound":4172115942.2914357},"point_estimate":4172115942.2914357,"standard_error":2086063535.1255853},"Slope":{"confidence_interval":{"confidence_level":0.95,"lower_bound":4863081716.0,"upper_bound":10491189117.0},"point_estimate":5988703196.2,"standard_error":2164289335.4170747},"StdDev":{"confidence_interval":{"confidence_level":0.95,"lower_bound":0.0,"upper_bound":3979672908.4932957},"point_estimate":3979672908.4932957,"standard_error":1989841761.5836675}}