{"Mean":{"confidence_interval":{"confidence_level":0.95,"lower_bound":4896698266.5,"upper_bound":9631600152.0},"point_estimate":7264149209.25,"standard_error":1675152138.8885837},"Median":{"confidence_interval":{"confidence_level":0.95,"lower_bound":4896698266.5,"upper_bound":9631600152.0},"point_estimate":7264149209.25,"standard_error":1675152138.8885837},"MedianAbsDev":{"confidence_interval":{"confidence_level":0.95,"lower_bound":0.0,"upper_bound":3509982705.4065003},"point_estimate":3509982705.4065003,"standard_error":1754998598.7690635},"Slope":{"confidence_interval":{"confidence_level":0.95,"lower_bound":4896698266.5,"upper_bound":9631600152.0},"point_estimate":5843678643.6,"standard_error":1817827330.1587026},"StdDev":{"confidence_interval":{"confidence_level":0.95,"lower_bound":0.0,"upper_bound":3348081231.49002},"point_estimate":3348081231.49002,"standard_error":1674047527.5777645}}