{"Mean":{"confidence_interval":{"confidence_level":0.95,"lower_bound":5114858205.5,"upper_bound":11765347965.0},"point_estimate":8440103085.25,"standard_error":2347450040.2525334},"Median":{"confidence_interval":{"confidence_level":0.95,"lower_bound":5114858205.5,"upper_bound":11765347965.0},"point_estimate":8440103085.25,"standard_error":2347450040.2525334},"MedianAbsDev":{"confidence_interval":{"confidence_level":0.95,"lower_bound":0.0,"upper_bound":4930007971.192212},"point_estimate":4930007971.192212,"standard_error":2465003531.536975},"Slope":{"confidence_interval":{"confidence_level":0.95,"lower_bound":5114858205.5,"upper_bound":11765347965.0},"point_estimate":6444956157.4,"standard_error":2545148643.5239334},"StdDev":{"confidence_interval":{"confidence_level":0.95,"lower_bound":0.0,"upper_bound":4702606407.154141},"point_estimate":4702606407.154141,"standard_error":2351302770.4616466}}