{"Mean":{"confidence_interval":{"confidence_level":0.95,"lower_bound":28511049420.0,"upper_bound":53332691648.0},"point_estimate":40921870534.0,"standard_error":8776691848.423433},"Median":{"confidence_interval":{"confidence_level":0.95,"lower_bound":28511049420.0,"upper_bound":53332691648.0},"point_estimate":40921870534.0,"standard_error":8776691848.423433},"MedianAbsDev":{"confidence_interval":{"confidence_level":0.95,"lower_bound":0.0,"upper_bound":18400283056.946075},"point_estimate":18400283056.946075,"standard_error":9200187345.527079},"Slope":{"confidence_interval":{"confidence_level":0.95,"lower_bound":28511049420.0,"upper_bound":53332691648.0},"point_estimate":33475377865.6,"standard_error":9541336301.003616},"StdDev":{"confidence_interval":{"confidence_level":0.95,"lower_bound":0.0,"upper_bound":17551551539.605164},"point_estimate":17551551539.605164,"standard_error":8775819473.495298}}