{"Mean":{"confidence_interval":{"confidence_level":0.95,"lower_bound":8270662670.0,"upper_bound":19541937198.0},"point_estimate":13906299934.0,"standard_error":3999005874.7317333},"Median":{"confidence_interval":{"confidence_level":0.95,"lower_bound":8270662670.0,"upper_bound":19541937198.0},"point_estimate":13906299934.0,"standard_error":3999005874.7317333},"MedianAbsDev":{"confidence_interval":{"confidence_level":0.95,"lower_bound":0.0,"upper_bound":8355395659.268475},"point_estimate":8355395659.268475,"standard_error":4177615189.782571},"Slope":{"confidence_interval":{"confidence_level":0.95,"lower_bound":8270662670.0,"upper_bound":19541937198.0},"point_estimate":10524917575.6,"standard_error":4312426932.69742},"StdDev":{"confidence_interval":{"confidence_level":0.95,"lower_bound":0.0,"upper_bound":7969994651.364002},"point_estimate":7969994651.364002,"standard_error":3984918497.679989}}