{"Mean":{"confidence_interval":{"confidence_level":0.95,"lower_bound":13607390913.0,"upper_bound":29682892051.0},"point_estimate":21645141482.0,"standard_error":5671940398.412578},"Median":{"confidence_interval":{"confidence_level":0.95,"lower_bound":13607390913.0,"upper_bound":29682892051.0},"point_estimate":21645141482.0,"standard_error":5671940398.412578},"MedianAbsDev":{"confidence_interval":{"confidence_level":0.95,"lower_bound":0.0,"upper_bound":11916768782.034462},"point_estimate":11916768782.034462,"standard_error":5958364589.884339},"Slope":{"confidence_interval":{"confidence_level":0.95,"lower_bound":13607390913.0,"upper_bound":29682892051.0},"point_estimate":16822491140.6,"standard_error":6171870330.7519045},"StdDev":{"confidence_interval":{"confidence_level":0.95,"lower_bound":0.0,"upper_bound":11367095865.651861},"point_estimate":11367095865.651861,"standard_error":5683529045.038733}}