{"Mean":{"confidence_interval":{"confidence_level":0.95,"lower_bound":4797558553.5,"upper_bound":10158464982.0},"point_estimate":7478011767.75,"standard_error":1900656065.77337},"Median":{"confidence_interval":{"confidence_level":0.95,"lower_bound":4797558553.5,"upper_bound":10158464982.0},"point_estimate":7478011767.75,"standard_error":1900656065.77337},"MedianAbsDev":{"confidence_interval":{"confidence_level":0.95,"lower_bound":0.0,"upper_bound":3974039864.8937387},"point_estimate":3974039864.8937387,"standard_error":1986998932.9023466},"Slope":{"confidence_interval":{"confidence_level":0.95,"lower_bound":4797558553.5,"upper_bound":10158464982.0},"point_estimate":5869739839.2,"standard_error":2063361924.9410784},"StdDev":{"confidence_interval":{"confidence_level":0.95,"lower_bound":0.0,"upper_bound":3790733288.8989058},"point_estimate":3790733288.8989058,"standard_error":1895346613.52942}}