{"Mean":{"confidence_interval":{"confidence_level":0.95,"lower_bound":5277014224.5,"upper_bound":11281446904.0},"point_estimate":8279230564.25,"standard_error":2126475875.2065516},"Median":{"confidence_interval":{"confidence_level":0.95,"lower_bound":5277014224.5,"upper_bound":11281446904.0},"point_estimate":8279230564.25,"standard_error":2126475875.2065516},"MedianAbsDev":{"confidence_interval":{"confidence_level":0.95,"lower_bound":0.0,"upper_bound":4451085866.290779},"point_estimate":4451085866.290779,"standard_error":2225541348.09665},"Slope":{"confidence_interval":{"confidence_level":0.95,"lower_bound":5277014224.5,"upper_bound":11281446904.0},"point_estimate":6477900760.4,"standard_error":2300145935.902313},"StdDev":{"confidence_interval":{"confidence_level":0.95,"lower_bound":0.0,"upper_bound":4245775064.8525615},"point_estimate":4245775064.8525615,"standard_error":2122886020.488293}}