{"Mean":{"confidence_interval":{"confidence_level":0.95,"lower_bound":4362650888.0,"upper_bound":9658848635.0},"point_estimate":7010749761.5,"standard_error":1870743420.310871},"Median":{"confidence_interval":{"confidence_level":0.95,"lower_bound":4362650888.0,"upper_bound":9658848635.0},"point_estimate":7010749761.5,"standard_error":1870743420.310871},"MedianAbsDev":{"confidence_interval":{"confidence_level":0.95,"lower_bound":0.0,"upper_bound":3926071320.1494007},"point_estimate":3926071320.1494007,"standard_error":1963042079.64906},"Slope":{"confidence_interval":{"confidence_level":0.95,"lower_bound":4362650888.0,"upper_bound":9658848635.0},"point_estimate":5421890437.4,"standard_error":2034381899.7655118},"StdDev":{"confidence_interval":{"confidence_level":0.95,"lower_bound":0.0,"upper_bound":3744977341.408615},"point_estimate":3744977341.408615,"standard_error":1872494794.167939}}