{"Mean":{"confidence_interval":{"confidence_level":0.95,"lower_bound":4856467445.0,"upper_bound":10081744670.0},"point_estimate":7469106057.5,"standard_error":1845030672.304304},"Median":{"confidence_interval":{"confidence_level":0.95,"lower_bound":4856467445.0,"upper_bound":10081744670.0},"point_estimate":7469106057.5,"standard_error":1845030672.304304},"MedianAbsDev":{"confidence_interval":{"confidence_level":0.95,"lower_bound":0.0,"upper_bound":3873497938.124165},"point_estimate":3873497938.124165,"standard_error":1936752405.2746437},"Slope":{"confidence_interval":{"confidence_level":0.95,"lower_bound":4856467445.0,"upper_bound":10081744670.0},"point_estimate":5901522890.0,"standard_error":2006059203.846769},"StdDev":{"confidence_interval":{"confidence_level":0.95,"lower_bound":0.0,"upper_bound":3694828959.3771253},"point_estimate":3694828959.3771253,"standard_error":1847417757.4016235}}