{"Mean":{"confidence_interval":{"confidence_level":0.95,"lower_bound":4669910160.0,"upper_bound":9710089056.0},"point_estimate":7189999608.0,"standard_error":1780875956.1868796},"Median":{"confidence_interval":{"confidence_level":0.95,"lower_bound":4669910160.0,"upper_bound":9710089056.0},"point_estimate":7189999608.0,"standard_error":1780875956.1868796},"MedianAbsDev":{"confidence_interval":{"confidence_level":0.95,"lower_bound":0.0,"upper_bound":3736284549.2724895},"point_estimate":3736284549.2724895,"standard_error":1868150179.1829517},"Slope":{"confidence_interval":{"confidence_level":0.95,"lower_bound":4669910160.0,"upper_bound":9710089056.0},"point_estimate":5677945939.2,"standard_error":1937849606.4842103},"StdDev":{"confidence_interval":{"confidence_level":0.95,"lower_bound":0.0,"upper_bound":3563944675.7549267},"point_estimate":3563944675.7549267,"standard_error":1781979877.8184118}}