{"Mean":{"confidence_interval":{"confidence_level":0.95,"lower_bound":4806048704.0,"upper_bound":11236558020.0},"point_estimate":8021303362.0,"standard_error":2275422451.3689322},"Median":{"confidence_interval":{"confidence_level":0.95,"lower_bound":4806048704.0,"upper_bound":11236558020.0},"point_estimate":8021303362.0,"standard_error":2275422451.3689322},"MedianAbsDev":{"confidence_interval":{"confidence_level":0.95,"lower_bound":0.0,"upper_bound":4766936471.320761},"point_estimate":4766936471.320761,"standard_error":2383476789.5222235},"Slope":{"confidence_interval":{"confidence_level":0.95,"lower_bound":4806048704.0,"upper_bound":11236558020.0},"point_estimate":6092150567.2,"standard_error":2468691432.730187},"StdDev":{"confidence_interval":{"confidence_level":0.95,"lower_bound":0.0,"upper_bound":4547056743.826867},"point_estimate":4547056743.826867,"standard_error":2273536531.220506}}