{"Mean":{"confidence_interval":{"confidence_level":0.95,"lower_bound":5236132464.5,"upper_bound":10012918323.0},"point_estimate":7624525393.75,"standard_error":1689104685.4231987},"Median":{"confidence_interval":{"confidence_level":0.95,"lower_bound":5236132464.5,"upper_bound":10012918323.0},"point_estimate":7624525393.75,"standard_error":1689104685.4231987},"MedianAbsDev":{"confidence_interval":{"confidence_level":0.95,"lower_bound":0.0,"upper_bound":3541031294.040178},"point_estimate":3541031294.040178,"standard_error":1770524419.9917438},"Slope":{"confidence_interval":{"confidence_level":0.95,"lower_bound":5236132464.5,"upper_bound":10012918323.0},"point_estimate":6191489636.2,"standard_error":1841055500.0649052},"StdDev":{"confidence_interval":{"confidence_level":0.95,"lower_bound":0.0,"upper_bound":3377697672.821354},"point_estimate":3377697672.821354,"standard_error":1688857204.7197578}}