{"Mean":{"confidence_interval":{"confidence_level":0.95,"lower_bound":5178512103.5,"upper_bound":9468784722.0},"point_estimate":7323648412.75,"standard_error":1517928044.881173},"Median":{"confidence_interval":{"confidence_level":0.95,"lower_bound":5178512103.5,"upper_bound":9468784722.0},"point_estimate":7323648412.75,"standard_error":1517928044.881173},"MedianAbsDev":{"confidence_interval":{"confidence_level":0.95,"lower_bound":0.0,"upper_bound":3180379035.6310353},"point_estimate":3180379035.6310353,"standard_error":1590195773.9886427},"Slope":{"confidence_interval":{"confidence_level":0.95,"lower_bound":5178512103.5,"upper_bound":9468784722.0},"point_estimate":6036566627.2,"standard_error":1644632147.3200905},"StdDev":{"confidence_interval":{"confidence_level":0.95,"lower_bound":0.0,"upper_bound":3033680861.680316},"point_estimate":3033680861.680316,"standard_error":1516846398.4433815}}