{"Mean":{"confidence_interval":{"confidence_level":0.95,"lower_bound":54062678.07121981,"upper_bound":54570158.38549115},"point_estimate":54310912.56844875,"standard_error":129639.85318856458},"Median":{"confidence_interval":{"confidence_level":0.95,"lower_bound":53434969.85074627,"upper_bound":54332485.69736842},"point_estimate":54019189.19222222,"standard_error":218756.84898808968},"MedianAbsDev":{"confidence_interval":{"confidence_level":0.95,"lower_bound":711223.219833303,"upper_bound":1634541.5009405185},"point_estimate":1257777.9193639995,"standard_error":209910.086789879},"Slope":{"confidence_interval":{"confidence_level":0.95,"lower_bound":54594924.75285929,"upper_bound":55267466.90744803},"point_estimate":54935537.27567016,"standard_error":171515.07761218955},"StdDev":{"confidence_interval":{"confidence_level":0.95,"lower_bound":1116703.0558576074,"upper_bound":1461880.2783444019},"point_estimate":1304909.9656678198,"standard_error":87999.13289430791}}