{"Mean":{"confidence_interval":{"confidence_level":0.95,"lower_bound":5625395605.5,"upper_bound":10545418501.0},"point_estimate":8085407053.25,"standard_error":1739376506.3683584},"Median":{"confidence_interval":{"confidence_level":0.95,"lower_bound":5625395605.5,"upper_bound":10545418501.0},"point_estimate":8085407053.25,"standard_error":1739376506.3683584},"MedianAbsDev":{"confidence_interval":{"confidence_level":0.95,"lower_bound":0.0,"upper_bound":3647212907.6831775},"point_estimate":3647212907.6831775,"standard_error":1823615554.0691326},"Slope":{"confidence_interval":{"confidence_level":0.95,"lower_bound":5625395605.5,"upper_bound":10545418501.0},"point_estimate":6609400184.6,"standard_error":1884094382.6181116},"StdDev":{"confidence_interval":{"confidence_level":0.95,"lower_bound":0.0,"upper_bound":3478981553.0011225},"point_estimate":3478981553.0011225,"standard_error":1739499456.9720726}}