{"Mean":{"confidence_interval":{"confidence_level":0.95,"lower_bound":5019527979.0,"upper_bound":9852215185.0},"point_estimate":7435871582.0,"standard_error":1704806326.9930627},"Median":{"confidence_interval":{"confidence_level":0.95,"lower_bound":5019527979.0,"upper_bound":9852215185.0},"point_estimate":7435871582.0,"standard_error":1704806326.9930627},"MedianAbsDev":{"confidence_interval":{"confidence_level":0.95,"lower_bound":0.0,"upper_bound":3582470962.2062263},"point_estimate":3582470962.2062263,"standard_error":1791226621.9009547},"Slope":{"confidence_interval":{"confidence_level":0.95,"lower_bound":5019527979.0,"upper_bound":9852215185.0},"point_estimate":5986065420.2,"standard_error":1853884915.114072},"StdDev":{"confidence_interval":{"confidence_level":0.95,"lower_bound":0.0,"upper_bound":3417225894.7160697},"point_estimate":3417225894.7160697,"standard_error":1708604496.7941012}}