{"Mean":{"confidence_interval":{"confidence_level":0.95,"lower_bound":4766127280.5,"upper_bound":10059402837.0},"point_estimate":7412765058.75,"standard_error":1870547477.6547284},"Median":{"confidence_interval":{"confidence_level":0.95,"lower_bound":4766127280.5,"upper_bound":10059402837.0},"point_estimate":7412765058.75,"standard_error":1870547477.6547284},"MedianAbsDev":{"confidence_interval":{"confidence_level":0.95,"lower_bound":0.0,"upper_bound":3923905100.3702087},"point_estimate":3923905100.3702087,"standard_error":1961961417.8860044},"Slope":{"confidence_interval":{"confidence_level":0.95,"lower_bound":4766127280.5,"upper_bound":10059402837.0},"point_estimate":5824782391.8,"standard_error":2032219496.222995},"StdDev":{"confidence_interval":{"confidence_level":0.95,"lower_bound":0.0,"upper_bound":3742911040.690146},"point_estimate":3742911040.690146,"standard_error":1871463979.0156453}}