{"Mean":{"confidence_interval":{"confidence_level":0.95,"lower_bound":28848255719.5,"upper_bound":52786296681.0},"point_estimate":40817276200.25,"standard_error":8461894145.031784},"Median":{"confidence_interval":{"confidence_level":0.95,"lower_bound":28848255719.5,"upper_bound":52786296681.0},"point_estimate":40817276200.25,"standard_error":8461894145.031784},"MedianAbsDev":{"confidence_interval":{"confidence_level":0.95,"lower_bound":0.0,"upper_bound":17745269449.71844},"point_estimate":17745269449.71844,"standard_error":8872678513.414324},"Slope":{"confidence_interval":{"confidence_level":0.95,"lower_bound":28848255719.5,"upper_bound":52786296681.0},"point_estimate":33635863911.8,"standard_error":9184355126.562798},"StdDev":{"confidence_interval":{"confidence_level":0.95,"lower_bound":0.0,"upper_bound":16926751092.197992},"point_estimate":16926751092.197992,"standard_error":8463417314.856213}}