{"Mean":{"confidence_interval":{"confidence_level":0.95,"lower_bound":5205158036.0,"upper_bound":9389772523.0},"point_estimate":7297465279.5,"standard_error":1481929284.0888956},"Median":{"confidence_interval":{"confidence_level":0.95,"lower_bound":5205158036.0,"upper_bound":9389772523.0},"point_estimate":7297465279.5,"standard_error":1481929284.0888956},"MedianAbsDev":{"confidence_interval":{"confidence_level":0.95,"lower_bound":0.0,"upper_bound":3102054664.1406207},"point_estimate":3102054664.1406207,"standard_error":1551026539.1764517},"Slope":{"confidence_interval":{"confidence_level":0.95,"lower_bound":5205158036.0,"upper_bound":9389772523.0},"point_estimate":6042080933.4,"standard_error":1604839415.326909},"StdDev":{"confidence_interval":{"confidence_level":0.95,"lower_bound":0.0,"upper_bound":2958969280.409166},"point_estimate":2958969280.409166,"standard_error":1479483883.8850412}}