{"Mean":{"confidence_interval":{"confidence_level":0.95,"lower_bound":5272413934.0,"upper_bound":8494991501.0},"point_estimate":6883702717.5,"standard_error":1139618989.6881862},"Median":{"confidence_interval":{"confidence_level":0.95,"lower_bound":5272413934.0,"upper_bound":8494991501.0},"point_estimate":6883702717.5,"standard_error":1139618989.6881862},"MedianAbsDev":{"confidence_interval":{"confidence_level":0.95,"lower_bound":0.0,"upper_bound":2388896708.0057054},"point_estimate":2388896708.0057054,"standard_error":1194454199.9170744},"Slope":{"confidence_interval":{"confidence_level":0.95,"lower_bound":5272413934.0,"upper_bound":8494991501.0},"point_estimate":5916929447.4,"standard_error":1236271102.6146004},"StdDev":{"confidence_interval":{"confidence_level":0.95,"lower_bound":0.0,"upper_bound":2278706450.525346},"point_estimate":2278706450.525346,"standard_error":1139358801.5281267}}