{"Mean":{"confidence_interval":{"confidence_level":0.95,"lower_bound":6616177835.5,"upper_bound":11498712820.0},"point_estimate":9057445327.75,"standard_error":1718440658.252397},"Median":{"confidence_interval":{"confidence_level":0.95,"lower_bound":6616177835.5,"upper_bound":11498712820.0},"point_estimate":9057445327.75,"standard_error":1718440658.252397},"MedianAbsDev":{"confidence_interval":{"confidence_level":0.95,"lower_bound":0.0,"upper_bound":3619423119.7522445},"point_estimate":3619423119.7522445,"standard_error":1809646987.2071455},"Slope":{"confidence_interval":{"confidence_level":0.95,"lower_bound":6616177835.5,"upper_bound":11498712820.0},"point_estimate":7592684832.4,"standard_error":1873228796.942408},"StdDev":{"confidence_interval":{"confidence_level":0.95,"lower_bound":0.0,"upper_bound":3452473596.9205046},"point_estimate":3452473596.9205046,"standard_error":1726175204.2711182}}