{"Mean":{"confidence_interval":{"confidence_level":0.95,"lower_bound":4845743302.5,"upper_bound":9640691524.0},"point_estimate":7243217413.25,"standard_error":1695640834.7734191},"Median":{"confidence_interval":{"confidence_level":0.95,"lower_bound":4845743302.5,"upper_bound":9640691524.0},"point_estimate":7243217413.25,"standard_error":1695640834.7734191},"MedianAbsDev":{"confidence_interval":{"confidence_level":0.95,"lower_bound":0.0,"upper_bound":3554495053.493048},"point_estimate":3554495053.493048,"standard_error":1777256241.0123937},"Slope":{"confidence_interval":{"confidence_level":0.95,"lower_bound":4845743302.5,"upper_bound":9640691524.0},"point_estimate":5804732946.8,"standard_error":1841712436.3968065},"StdDev":{"confidence_interval":{"confidence_level":0.95,"lower_bound":0.0,"upper_bound":3390540402.861026},"point_estimate":3390540402.861026,"standard_error":1695278513.7406588}}