{"Mean":{"confidence_interval":{"confidence_level":0.95,"lower_bound":53203790.861530386,"upper_bound":53482859.89024762},"point_estimate":53336201.01561625,"standard_error":71201.6713626143},"Median":{"confidence_interval":{"confidence_level":0.95,"lower_bound":52974564.25,"upper_bound":53313753.875547215},"point_estimate":53098370.15543735,"standard_error":100642.42563142725},"MedianAbsDev":{"confidence_interval":{"confidence_level":0.95,"lower_bound":314655.025238759,"upper_bound":560558.6154893816},"point_estimate":439398.752915393,"standard_error":62995.60569182441},"Slope":{"confidence_interval":{"confidence_level":0.95,"lower_bound":53225444.50911673,"upper_bound":53576384.26474786},"point_estimate":53392813.26186198,"standard_error":89646.08064905411},"StdDev":{"confidence_interval":{"confidence_level":0.95,"lower_bound":517540.95697935956,"upper_bound":892752.1175871536},"point_estimate":718165.7239378555,"standard_error":95981.26876906295}}