{"Mean":{"confidence_interval":{"confidence_level":0.95,"lower_bound":4851174205.5,"upper_bound":10544384324.0},"point_estimate":7697779264.75,"standard_error":2013024003.3609817},"Median":{"confidence_interval":{"confidence_level":0.95,"lower_bound":4851174205.5,"upper_bound":10544384324.0},"point_estimate":7697779264.75,"standard_error":2013024003.3609817},"MedianAbsDev":{"confidence_interval":{"confidence_level":0.95,"lower_bound":0.0,"upper_bound":4220376585.917388},"point_estimate":4220376585.917388,"standard_error":2110198816.9681492},"Slope":{"confidence_interval":{"confidence_level":0.95,"lower_bound":4851174205.5,"upper_bound":10544384324.0},"point_estimate":5989816229.2,"standard_error":2189129494.7995687},"StdDev":{"confidence_interval":{"confidence_level":0.95,"lower_bound":0.0,"upper_bound":4025707481.5112176},"point_estimate":4025707481.5112176,"standard_error":2012863779.3351305}}