{"Mean":{"confidence_interval":{"confidence_level":0.95,"lower_bound":7844297423.0,"upper_bound":14833721268.0},"point_estimate":11339009345.5,"standard_error":2467727496.6019635},"Median":{"confidence_interval":{"confidence_level":0.95,"lower_bound":7844297423.0,"upper_bound":14833721268.0},"point_estimate":11339009345.5,"standard_error":2467727496.6019635},"MedianAbsDev":{"confidence_interval":{"confidence_level":0.95,"lower_bound":0.0,"upper_bound":5181259804.312751},"point_estimate":5181259804.312751,"standard_error":2590632988.1434693},"Slope":{"confidence_interval":{"confidence_level":0.95,"lower_bound":7844297423.0,"upper_bound":14833721268.0},"point_estimate":9242182192.0,"standard_error":2681269416.849103},"StdDev":{"confidence_interval":{"confidence_level":0.95,"lower_bound":0.0,"upper_bound":4942268997.386453},"point_estimate":4942268997.386453,"standard_error":2471137442.3342686}}