{"Mean":{"confidence_interval":{"confidence_level":0.95,"lower_bound":4958545779.5,"upper_bound":8687643244.0},"point_estimate":6823094511.75,"standard_error":1315129514.2708175},"Median":{"confidence_interval":{"confidence_level":0.95,"lower_bound":4958545779.5,"upper_bound":8687643244.0},"point_estimate":6823094511.75,"standard_error":1315129514.2708175},"MedianAbsDev":{"confidence_interval":{"confidence_level":0.95,"lower_bound":0.0,"upper_bound":2764379901.356296},"point_estimate":2764379901.356296,"standard_error":1382179584.1117618},"Slope":{"confidence_interval":{"confidence_level":0.95,"lower_bound":4958545779.5,"upper_bound":8687643244.0},"point_estimate":5704365272.4,"standard_error":1434105525.3933458},"StdDev":{"confidence_interval":{"confidence_level":0.95,"lower_bound":0.0,"upper_bound":2636870104.8535104},"point_estimate":2636870104.8535104,"standard_error":1318425164.0279613}}