{"Mean":{"confidence_interval":{"confidence_level":0.95,"lower_bound":5598232862.0,"upper_bound":9351454924.0},"point_estimate":7474843893.0,"standard_error":1326354839.6752033},"Median":{"confidence_interval":{"confidence_level":0.95,"lower_bound":5598232862.0,"upper_bound":9351454924.0},"point_estimate":7474843893.0,"standard_error":1326354839.6752033},"MedianAbsDev":{"confidence_interval":{"confidence_level":0.95,"lower_bound":0.0,"upper_bound":2782263465.1655493},"point_estimate":2782263465.1655493,"standard_error":1391138099.5638633},"Slope":{"confidence_interval":{"confidence_level":0.95,"lower_bound":5598232862.0,"upper_bound":9351454924.0},"point_estimate":6348877274.4,"standard_error":1439429642.3838377},"StdDev":{"confidence_interval":{"confidence_level":0.95,"lower_bound":0.0,"upper_bound":2653928771.3391566},"point_estimate":2653928771.3391566,"standard_error":1326970458.96677}}